<?xml version="1.0" encoding="UTF-8"?>
<project-private xmlns="http://www.netbeans.org/ns/project-private/1">
    <editor-bookmarks xmlns="http://www.netbeans.org/ns/editor-bookmarks/2" lastBookmarkId="0"/>
    <open-files xmlns="http://www.netbeans.org/ns/projectui-open-files/2">
        <group>
            <file>file:/C:/Users/DELL/Downloads/LoginDB/src/Images/userInicio.png</file>
            <file>file:/C:/Users/DELL/Downloads/LoginDB/src/Formularios/Administrador.java</file>
            <file>file:/C:/Users/DELL/Downloads/LoginDB/src/Formularios/ModificarProducto.java</file>
            <file>file:/C:/Users/DELL/Downloads/LoginDB/src/Formularios/Bienvenida.java</file>
            <file>file:/C:/Users/DELL/Downloads/LoginDB/src/Formularios/ConsultarProductos.java</file>
            <file>file:/C:/Users/DELL/Downloads/LoginDB/src/Clases/ConexionPD.java</file>
            <file>file:/C:/Users/DELL/Downloads/LoginDB/src/Clases/Producto.java</file>
            <file>file:/C:/Users/DELL/Downloads/LoginDB/src/Formularios/FormLogin.java</file>
            <file>file:/C:/Users/DELL/Downloads/LoginDB/src/Images/userLabel.png</file>
            <file>file:/C:/Users/DELL/Downloads/LoginDB/src/Formularios/InsertarProductos.java</file>
            <file>file:/C:/Users/DELL/Downloads/LoginDB/src/Clases/ConexionDB.java</file>
            <file>file:/C:/Users/DELL/Downloads/LoginDB/src/Formularios/FormRegistro.java</file>
            <file>file:/C:/Users/DELL/Downloads/LoginDB/src/Clases/consultas.java</file>
            <file>file:/C:/Users/DELL/Downloads/LoginDB/src/Images/previous.png</file>
            <file>file:/C:/Users/DELL/Downloads/LoginDB/src/Images/Logo.png</file>
            <file>file:/C:/Users/DELL/Downloads/LoginDB/src/Clases/ConsultarProductos.java</file>
            <file>file:/C:/Users/DELL/Downloads/LoginDB/src/Images/key.png</file>
        </group>
    </open-files>
</project-private>
